date,rate
2014-01-06,0.072
2014-01-07,0.071
2014-01-08,0.071
2014-01-09,0.073
2014-01-10,0.074
2014-01-14,0.072
2014-01-15,0.072
2014-01-16,0.071
2014-01-17,0.071
2014-01-20,0.072
2014-01-21,0.071
2014-01-22,0.071
2014-01-23,0.072
2014-01-24,0.072
2014-01-27,0.072
2014-01-28,0.07
2014-01-29,0.091
2014-01-30,0.07
2014-01-31,0.071
2014-02-03,0.074
2014-02-04,0.082
2014-02-05,0.08
2014-02-06,0.079
2014-02-07,0.072
2014-02-10,0.074
2014-02-12,0.079
2014-02-13,0.077
2014-02-14,0.071
2014-02-17,0.075
2014-02-18,0.071
2014-02-19,0.079
2014-02-20,0.086
2014-02-21,0.079
2014-02-24,0.073
2014-02-25,0.08
2014-02-26,0.079
2014-02-27,0.073
2014-02-28,0.072
2014-03-03,0.074
2014-03-04,0.074
2014-03-05,0.078
2014-03-06,0.075
2014-03-07,0.073
2014-03-10,0.075
2014-03-11,0.075
2014-03-12,0.075
2014-03-13,0.073
2014-03-14,0.072
2014-03-17,0.074
2014-03-18,0.08
2014-03-19,0.077
2014-03-20,0.072
2014-03-24,0.073
2014-03-25,0.069
2014-03-26,0.07
2014-03-27,0.07
2014-03-28,0.069
2014-03-31,0.044
2014-04-01,0.065
2014-04-02,0.064
2014-04-03,0.064
2014-04-04,0.066
2014-04-07,0.065
2014-04-08,0.065
2014-04-09,0.064
2014-04-10,0.065
2014-04-11,0.065
2014-04-14,0.065
2014-04-15,0.064
2014-04-16,0.064
2014-04-17,0.064
2014-04-18,0.065
2014-04-21,0.065
2014-04-22,0.065
2014-04-23,0.065
2014-04-24,0.065
2014-04-25,0.067
2014-04-28,0.067
2014-04-30,0.065
2014-05-01,0.065
2014-05-02,0.067
2014-05-07,0.064
2014-05-08,0.065
2014-05-09,0.065
2014-05-12,0.065
2014-05-13,0.066
2014-05-14,0.067
2014-05-15,0.065
2014-05-16,0.067
2014-05-19,0.067
2014-05-20,0.067
2014-05-21,0.089
2014-05-22,0.067
2014-05-23,0.068
2014-05-26,0.068
2014-05-27,0.066
2014-05-28,0.065
2014-05-29,0.07
2014-05-30,0.069
2014-06-02,0.067
2014-06-03,0.066
2014-06-04,0.066
2014-06-05,0.067
2014-06-06,0.069
2014-06-09,0.069
2014-06-10,0.07
2014-06-11,0.071
2014-06-12,0.071
2014-06-13,0.069
2014-06-16,0.067
2014-06-17,0.066
2014-06-18,0.068
2014-06-19,0.066
2014-06-20,0.066
2014-06-23,0.065
2014-06-24,0.066
2014-06-25,0.069
2014-06-26,0.066
2014-06-27,0.066
2014-06-30,0.058
2014-07-01,0.065
2014-07-02,0.065
2014-07-03,0.065
2014-07-04,0.066
2014-07-07,0.065
2014-07-08,0.066
2014-07-09,0.066
2014-07-10,0.064
2014-07-11,0.065
2014-07-14,0.066
2014-07-15,0.065
2014-07-16,0.065
2014-07-17,0.065
2014-07-18,0.068
2014-07-22,0.066
2014-07-23,0.067
2014-07-24,0.067
2014-07-25,0.07
2014-07-28,0.066
2014-07-29,0.066
2014-07-30,0.065
2014-07-31,0.065
2014-08-01,0.068
2014-08-04,0.067
2014-08-05,0.072
2014-08-06,0.069
2014-08-07,0.07
2014-08-08,0.068
2014-08-11,0.066
2014-08-12,0.067
2014-08-13,0.067
2014-08-14,0.068
2014-08-15,0.068
2014-08-18,0.066
2014-08-19,0.067
2014-08-20,0.073
2014-08-21,0.067
2014-08-22,0.068
2014-08-25,0.068
2014-08-26,0.071
2014-08-27,0.067
2014-08-28,0.074
2014-08-29,0.07
2014-09-01,0.068
2014-09-02,0.07
2014-09-03,0.069
2014-09-04,0.074
2014-09-05,0.07
2014-09-08,0.067
2014-09-09,0.067
2014-09-10,0.071
2014-09-11,0.067
2014-09-12,0.07
2014-09-16,0.067
2014-09-17,0.066
2014-09-18,0.068
2014-09-19,0.069
2014-09-22,0.065
2014-09-24,0.066
2014-09-25,0.073
2014-09-26,0.066
2014-09-29,0.066
2014-09-30,0.029
2014-10-01,0.049
2014-10-02,0.056
2014-10-03,0.061
2014-10-06,0.06
2014-10-07,0.059
2014-10-08,0.059
2014-10-09,0.059
2014-10-10,0.06
2014-10-14,0.06
2014-10-15,0.061
2014-10-16,0.058
2014-10-17,0.059
2014-10-20,0.06
2014-10-21,0.06
2014-10-22,0.061
2014-10-23,0.06
2014-10-24,0.06
2014-10-27,0.059
2014-10-28,0.059
2014-10-29,0.059
2014-10-30,0.059
2014-10-31,0.06
2014-11-04,0.061
2014-11-05,0.061
2014-11-06,0.061
2014-11-07,0.062
2014-11-10,0.068
2014-11-11,0.068
2014-11-12,0.065
2014-11-13,0.063
2014-11-14,0.066
2014-11-17,0.064
2014-11-18,0.065
2014-11-19,0.065
2014-11-20,0.066
2014-11-21,0.069
2014-11-25,0.065
2014-11-26,0.066
2014-11-27,0.066
2014-11-28,0.067
2014-12-01,0.065
2014-12-02,0.065
2014-12-03,0.065
2014-12-04,0.065
2014-12-05,0.067
2014-12-08,0.065
2014-12-09,0.073
2014-12-10,0.067
2014-12-11,0.085
2014-12-12,0.068
2014-12-15,0.069
2014-12-16,0.067
2014-12-17,0.068
2014-12-18,0.066
2014-12-19,0.065
2014-12-22,0.066
2014-12-24,0.067
2014-12-25,0.068
2014-12-26,0.068
2014-12-29,0.068
2014-12-30,0.066
2015-01-05,0.07
2015-01-06,0.071
2015-01-07,0.073
2015-01-08,0.074
2015-01-09,0.075
2015-01-13,0.074
2015-01-14,0.073
2015-01-15,0.074
2015-01-16,0.074
2015-01-19,0.074
2015-01-20,0.077
2015-01-21,0.074
2015-01-22,0.075
2015-01-23,0.073
2015-01-26,0.071
2015-01-27,0.073
2015-01-28,0.087
2015-01-29,0.071
2015-01-30,0.071
2015-02-02,0.071
2015-02-03,0.073
2015-02-04,0.075
2015-02-05,0.076
2015-02-06,0.073
2015-02-09,0.081
2015-02-10,0.074
2015-02-12,0.074
2015-02-13,0.073
2015-02-16,0.075
2015-02-17,0.079
2015-02-18,0.077
2015-02-19,0.082
2015-02-20,0.075
2015-02-23,0.078
2015-02-24,0.077
2015-02-25,0.086
2015-02-26,0.075
2015-02-27,0.074
2015-03-02,0.075
2015-03-03,0.075
2015-03-04,0.075
2015-03-05,0.08
2015-03-06,0.075
2015-03-09,0.076
2015-03-10,0.076
2015-03-11,0.083
2015-03-12,0.076
2015-03-13,0.075
2015-03-16,0.075
2015-03-17,0.075
2015-03-18,0.075
2015-03-19,0.071
2015-03-20,0.066
2015-03-23,0.065
2015-03-24,0.064
2015-03-25,0.065
2015-03-26,0.065
2015-03-27,0.067
2015-03-30,0.064
2015-03-31,0.015
2015-04-01,0.056
2015-04-02,0.057
2015-04-03,0.058
2015-04-06,0.057
2015-04-07,0.058
2015-04-08,0.059
2015-04-09,0.059
2015-04-10,0.061
2015-04-13,0.06
2015-04-14,0.059
2015-04-15,0.061
2015-04-16,0.066
2015-04-17,0.063
2015-04-20,0.062
2015-04-21,0.062
2015-04-22,0.062
2015-04-23,0.063
2015-04-24,0.065
2015-04-27,0.064
2015-04-28,0.064
2015-04-30,0.063
2015-05-01,0.068
2015-05-07,0.065
2015-05-08,0.068
2015-05-11,0.067
2015-05-12,0.067
2015-05-13,0.068
2015-05-14,0.068
2015-05-15,0.07
2015-05-18,0.068
2015-05-19,0.069
2015-05-20,0.069
2015-05-21,0.07
2015-05-22,0.072
2015-05-25,0.069
2015-05-26,0.071
2015-05-27,0.074
2015-05-28,0.071
2015-05-29,0.073
2015-06-01,0.073
2015-06-02,0.075
2015-06-03,0.074
2015-06-04,0.073
2015-06-05,0.075
2015-06-08,0.073
2015-06-09,0.074
2015-06-10,0.089
2015-06-11,0.074
2015-06-12,0.074
2015-06-15,0.073
2015-06-16,0.073
2015-06-17,0.076
2015-06-18,0.074
2015-06-19,0.074
2015-06-22,0.073
2015-06-23,0.074
2015-06-24,0.077
2015-06-25,0.073
2015-06-26,0.073
2015-06-29,0.072
2015-06-30,0.011
2015-07-01,0.062
2015-07-02,0.072
2015-07-03,0.075
2015-07-06,0.075
2015-07-07,0.075
2015-07-08,0.075
2015-07-09,0.075
2015-07-10,0.076
2015-07-13,0.075
2015-07-14,0.076
2015-07-15,0.076
2015-07-16,0.075
2015-07-17,0.074
2015-07-21,0.076
2015-07-22,0.075
2015-07-23,0.076
2015-07-24,0.076
2015-07-27,0.075
2015-07-28,0.075
2015-07-29,0.074
2015-07-30,0.075
2015-07-31,0.064
2015-08-03,0.074
2015-08-04,0.076
2015-08-05,0.078
2015-08-06,0.076
2015-08-07,0.076
2015-08-10,0.075
2015-08-11,0.076
2015-08-12,0.077
2015-08-13,0.075
2015-08-14,0.076
2015-08-17,0.077
2015-08-18,0.083
2015-08-19,0.077
2015-08-20,0.076
2015-08-21,0.077
2015-08-24,0.076
2015-08-25,0.076
2015-08-26,0.08
2015-08-27,0.076
2015-08-28,0.076
2015-08-31,0.071
2015-09-01,0.076
2015-09-02,0.077
2015-09-03,0.077
2015-09-04,0.076
2015-09-07,0.075
2015-09-08,0.075
2015-09-09,0.075
2015-09-10,0.076
2015-09-11,0.076
2015-09-14,0.076
2015-09-15,0.076
2015-09-16,0.091
2015-09-17,0.076
2015-09-18,0.077
2015-09-24,0.076
2015-09-25,0.077
2015-09-28,0.076
2015-09-29,0.076
2015-09-30,0.01
2015-10-01,0.076
2015-10-02,0.076
2015-10-05,0.077
2015-10-06,0.077
2015-10-07,0.076
2015-10-08,0.077
2015-10-09,0.075
2015-10-13,0.076
2015-10-14,0.076
2015-10-15,0.076
2015-10-16,0.077
2015-10-19,0.076
2015-10-20,0.076
2015-10-21,0.076
2015-10-22,0.076
2015-10-23,0.077
2015-10-26,0.076
2015-10-27,0.076
2015-10-28,0.076
2015-10-29,0.076
2015-10-30,0.074
2015-11-02,0.076
2015-11-04,0.085
2015-11-05,0.077
2015-11-06,0.077
2015-11-09,0.078
2015-11-10,0.077
2015-11-11,0.078
2015-11-12,0.078
2015-11-13,0.078
2015-11-16,0.078
2015-11-17,0.078
2015-11-18,0.084
2015-11-19,0.078
2015-11-20,0.077
2015-11-24,0.078
2015-11-25,0.078
2015-11-26,0.076
2015-11-27,0.077
2015-11-30,0.076
2015-12-01,0.076
2015-12-02,0.077
2015-12-03,0.077
2015-12-04,0.076
2015-12-07,0.077
2015-12-08,0.076
2015-12-09,0.076
2015-12-10,0.077
2015-12-11,0.076
2015-12-14,0.076
2015-12-15,0.076
2015-12-16,0.076
2015-12-17,0.089
2015-12-18,0.075
2015-12-21,0.075
2015-12-22,0.074
2015-12-24,0.086
2015-12-25,0.073
2015-12-28,0.073
2015-12-29,0.073
2015-12-30,0.038
2016-01-04,0.07
2016-01-05,0.074
2016-01-06,0.075
2016-01-07,0.075
2016-01-08,0.077
2016-01-12,0.075
2016-01-13,0.075
2016-01-14,0.075
2016-01-15,0.075
2016-01-18,0.074
2016-01-19,0.076
2016-01-20,0.074
2016-01-21,0.075
2016-01-22,0.075
2016-01-25,0.075
2016-01-26,0.079
2016-01-27,0.076
2016-01-28,0.074
2016-01-29,0.066
2016-02-01,0.058
2016-02-02,0.061
2016-02-03,0.064
2016-02-04,0.066
2016-02-05,0.068
2016-02-08,0.072
2016-02-09,0.073
2016-02-10,0.072
2016-02-12,0.071
2016-02-15,0.074
2016-02-16,0.001
2016-02-17,-0.002
2016-02-18,-0.009
2016-02-19,-0.008
2016-02-22,-0.001
2016-02-23,-0.001
2016-02-24,-0.003
2016-02-25,-0.003
2016-02-26,-0.002
2016-02-29,-0.001
2016-03-01,-0.003
2016-03-02,-0.002
2016-03-03,-0.002
2016-03-04,-0.001
2016-03-07,-0.001
2016-03-08,0.0
2016-03-09,-0.001
2016-03-10,-0.003
2016-03-11,-0.001
2016-03-14,-0.002
2016-03-15,-0.002
2016-03-16,0.002
2016-03-17,-0.003
2016-03-18,-0.002
2016-03-22,-0.003
2016-03-23,-0.004
2016-03-24,-0.003
2016-03-25,-0.007
2016-03-28,-0.007
2016-03-29,-0.006
2016-03-30,-0.007
2016-03-31,-0.002
2016-04-01,-0.006
2016-04-04,-0.007
2016-04-05,-0.007
2016-04-06,-0.007
2016-04-07,-0.007
2016-04-08,-0.012
2016-04-11,-0.006
2016-04-12,-0.005
2016-04-13,-0.01
2016-04-14,-0.005
2016-04-15,-0.01
2016-04-18,-0.074
2016-04-19,-0.078
2016-04-20,-0.08
2016-04-21,-0.081
2016-04-22,-0.08
2016-04-25,-0.075
2016-04-26,-0.067
2016-04-27,-0.058
2016-04-28,-0.056
2016-05-02,-0.067
2016-05-06,-0.066
2016-05-09,-0.066
2016-05-10,-0.068
2016-05-11,-0.065
2016-05-12,-0.063
2016-05-13,-0.055
2016-05-16,-0.063
2016-05-17,-0.058
2016-05-18,-0.059
2016-05-19,-0.058
2016-05-20,-0.053
2016-05-23,-0.057
2016-05-24,-0.055
2016-05-25,-0.055
2016-05-26,-0.054
2016-05-27,-0.049
2016-05-30,-0.054
2016-05-31,-0.054
2016-06-01,-0.054
2016-06-02,-0.055
2016-06-03,-0.046
2016-06-06,-0.05
2016-06-07,-0.049
2016-06-08,-0.049
2016-06-09,-0.05
2016-06-10,-0.049
2016-06-13,-0.05
2016-06-14,-0.05
2016-06-15,-0.053
2016-06-16,-0.057
2016-06-17,-0.057
2016-06-20,-0.057
2016-06-21,-0.059
2016-06-22,-0.061
2016-06-23,-0.061
2016-06-24,-0.062
2016-06-27,-0.061
2016-06-28,-0.062
2016-06-29,-0.061
2016-06-30,-0.064
2016-07-01,-0.058
2016-07-04,-0.057
2016-07-05,-0.054
2016-07-06,-0.056
2016-07-07,-0.055
2016-07-08,-0.053
2016-07-11,-0.053
2016-07-12,-0.05
2016-07-13,-0.044
2016-07-14,-0.038
2016-07-15,-0.034
2016-07-19,-0.04
2016-07-20,-0.037
2016-07-21,-0.035
2016-07-22,-0.03
2016-07-25,-0.033
2016-07-26,-0.029
2016-07-27,-0.028
2016-07-28,-0.031
2016-07-29,-0.046
2016-08-01,-0.04
2016-08-02,-0.039
2016-08-03,-0.041
2016-08-04,-0.038
2016-08-05,-0.037
2016-08-08,-0.045
2016-08-09,-0.048
2016-08-10,-0.047
2016-08-12,-0.041
2016-08-15,-0.029
2016-08-16,-0.044
2016-08-17,-0.044
2016-08-18,-0.045
2016-08-19,-0.047
2016-08-22,-0.045
2016-08-23,-0.046
2016-08-24,-0.047
2016-08-25,-0.047
2016-08-26,-0.044
2016-08-29,-0.046
2016-08-30,-0.046
2016-08-31,-0.048
2016-09-01,-0.049
2016-09-02,-0.047
2016-09-05,-0.045
2016-09-06,-0.046
2016-09-07,-0.047
2016-09-08,-0.047
2016-09-09,-0.046
2016-09-12,-0.049
2016-09-13,-0.057
2016-09-14,-0.063
2016-09-15,-0.065
2016-09-16,-0.06
2016-09-20,-0.06
2016-09-21,-0.061
2016-09-23,-0.054
2016-09-26,-0.05
2016-09-27,-0.045
2016-09-28,-0.043
2016-09-29,-0.037
2016-09-30,-0.06
2016-10-03,-0.044
2016-10-04,-0.036
2016-10-05,-0.03
2016-10-06,-0.02
2016-10-07,-0.018
2016-10-11,-0.028
2016-10-12,-0.032
2016-10-13,-0.032
2016-10-14,-0.035
2016-10-17,-0.048
2016-10-18,-0.045
2016-10-19,-0.041
2016-10-20,-0.035
2016-10-21,-0.035
2016-10-24,-0.04
2016-10-25,-0.041
2016-10-26,-0.042
2016-10-27,-0.044
2016-10-28,-0.043
2016-10-31,-0.047
2016-11-01,-0.045
2016-11-02,-0.045
2016-11-04,-0.044
2016-11-07,-0.044
2016-11-08,-0.044
2016-11-09,-0.049
2016-11-10,-0.05
2016-11-11,-0.05
2016-11-14,-0.053
2016-11-15,-0.046
2016-11-16,-0.048
2016-11-17,-0.045
2016-11-18,-0.049
2016-11-21,-0.051
2016-11-22,-0.053
2016-11-24,-0.054
2016-11-25,-0.054
2016-11-28,-0.054
2016-11-29,-0.052
2016-11-30,-0.054
2016-12-01,-0.051
2016-12-02,-0.049
2016-12-05,-0.052
2016-12-06,-0.054
2016-12-07,-0.056
2016-12-08,-0.053
2016-12-09,-0.05
2016-12-12,-0.052
2016-12-13,-0.043
2016-12-14,-0.034
2016-12-15,-0.029
2016-12-16,-0.037
2016-12-19,-0.036
2016-12-20,-0.032
2016-12-21,-0.027
2016-12-22,-0.028
2016-12-26,-0.041
2016-12-27,-0.048
2016-12-28,-0.046
2016-12-29,-0.048
2016-12-30,-0.058
2017-01-04,-0.051
2017-01-05,-0.047
2017-01-06,-0.042
2017-01-10,-0.037
2017-01-11,-0.03
2017-01-12,-0.027
2017-01-13,-0.026
2017-01-16,-0.047
2017-01-17,-0.048
2017-01-18,-0.047
2017-01-19,-0.047
2017-01-20,-0.046
2017-01-23,-0.048
2017-01-24,-0.05
2017-01-25,-0.049
2017-01-26,-0.051
2017-01-27,-0.051
2017-01-30,-0.05
2017-01-31,-0.058
2017-02-01,-0.054
2017-02-02,-0.052
2017-02-03,-0.05
2017-02-06,-0.046
2017-02-07,-0.035
2017-02-08,-0.028
2017-02-09,-0.027
2017-02-10,-0.023
2017-02-13,-0.027
2017-02-14,-0.026
2017-02-15,-0.026
2017-02-16,-0.045
2017-02-17,-0.047
2017-02-20,-0.046
2017-02-21,-0.042
2017-02-22,-0.036
2017-02-23,-0.032
2017-02-24,-0.033
2017-02-27,-0.039
2017-02-28,-0.048
2017-03-01,-0.046
2017-03-02,-0.042
2017-03-03,-0.037
2017-03-06,-0.038
2017-03-07,-0.035
2017-03-08,-0.032
2017-03-09,-0.027
2017-03-10,-0.029
2017-03-13,-0.048
2017-03-14,-0.053
2017-03-15,-0.046
2017-03-16,-0.043
2017-03-17,-0.039
2017-03-21,-0.042
2017-03-22,-0.039
2017-03-23,-0.037
2017-03-24,-0.039
2017-03-27,-0.044
2017-03-28,-0.047
2017-03-29,-0.046
2017-03-30,-0.046
2017-03-31,-0.06
2017-04-03,-0.056
2017-04-04,-0.056
2017-04-05,-0.052
2017-04-06,-0.042
2017-04-07,-0.035
2017-04-10,-0.037
2017-04-11,-0.037
2017-04-12,-0.036
2017-04-13,-0.034
2017-04-14,-0.047
2017-04-17,-0.054
2017-04-18,-0.053
2017-04-19,-0.056
2017-04-20,-0.061
2017-04-21,-0.066
2017-04-24,-0.07
2017-04-25,-0.074
2017-04-26,-0.074
2017-04-27,-0.075
2017-04-28,-0.074
2017-05-01,-0.074
2017-05-02,-0.07
2017-05-08,-0.065
2017-05-09,-0.053
2017-05-10,-0.042
2017-05-11,-0.039
2017-05-12,-0.037
2017-05-15,-0.033
2017-05-16,-0.048
2017-05-17,-0.051
2017-05-18,-0.052
2017-05-19,-0.051
2017-05-22,-0.051
2017-05-23,-0.037
2017-05-24,-0.054
2017-05-25,-0.055
2017-05-26,-0.055
2017-05-29,-0.061
2017-05-30,-0.061
2017-05-31,-0.065
2017-06-01,-0.06
2017-06-02,-0.059
2017-06-05,-0.058
2017-06-06,-0.057
2017-06-07,-0.056
2017-06-08,-0.055
2017-06-09,-0.053
2017-06-12,-0.054
2017-06-13,-0.054
2017-06-14,-0.055
2017-06-15,-0.052
2017-06-16,-0.06
2017-06-19,-0.058
2017-06-20,-0.055
2017-06-21,-0.056
2017-06-22,-0.055
2017-06-23,-0.051
2017-06-26,-0.053
2017-06-27,-0.05
2017-06-28,-0.051
2017-06-29,-0.053
2017-06-30,-0.069
2017-07-03,-0.06
2017-07-04,-0.056
2017-07-05,-0.054
2017-07-06,-0.051
2017-07-07,-0.05
2017-07-10,-0.05
2017-07-11,-0.048
2017-07-12,-0.044
2017-07-13,-0.04
2017-07-14,-0.042
2017-07-18,-0.055
2017-07-19,-0.055
2017-07-20,-0.056
2017-07-21,-0.055
2017-07-24,-0.058
2017-07-25,-0.06
2017-07-26,-0.06
2017-07-27,-0.063
2017-07-28,-0.063
2017-07-31,-0.064
2017-08-01,-0.063
2017-08-02,-0.063
2017-08-03,-0.057
2017-08-04,-0.054
2017-08-07,-0.049
2017-08-08,-0.042
2017-08-09,-0.033
2017-08-10,-0.028
2017-08-14,-0.028
2017-08-15,-0.026
2017-08-16,-0.047
2017-08-17,-0.049
2017-08-18,-0.052
2017-08-21,-0.053
2017-08-22,-0.055
2017-08-23,-0.04
2017-08-24,-0.052
2017-08-25,-0.055
2017-08-28,-0.056
2017-08-29,-0.057
2017-08-30,-0.059
2017-08-31,-0.066
2017-09-01,-0.063
2017-09-04,-0.064
2017-09-05,-0.064
2017-09-06,-0.064
2017-09-07,-0.064
2017-09-08,-0.065
2017-09-11,-0.064
2017-09-12,-0.063
2017-09-13,-0.062
2017-09-14,-0.059
2017-09-15,-0.06
2017-09-19,-0.061
2017-09-20,-0.057
2017-09-21,-0.054
2017-09-22,-0.046
2017-09-25,-0.042
2017-09-26,-0.046
2017-09-27,-0.048
2017-09-28,-0.048
2017-09-29,-0.063
2017-10-02,-0.047
2017-10-03,-0.043
2017-10-04,-0.035
2017-10-05,-0.032
2017-10-06,-0.028
2017-10-10,-0.029
2017-10-11,-0.024
2017-10-12,-0.021
2017-10-13,-0.021
2017-10-16,-0.043
2017-10-17,-0.043
2017-10-18,-0.041
2017-10-19,-0.042
2017-10-20,-0.041
2017-10-23,-0.042
2017-10-24,-0.041
2017-10-25,-0.041
2017-10-26,-0.041
2017-10-27,-0.039
2017-10-30,-0.04
2017-10-31,-0.046
2017-11-01,-0.044
2017-11-02,-0.044
2017-11-06,-0.046
2017-11-07,-0.045
2017-11-08,-0.044
2017-11-09,-0.044
2017-11-10,-0.044
2017-11-13,-0.048
2017-11-14,-0.048
2017-11-15,-0.045
2017-11-16,-0.046
2017-11-17,-0.048
2017-11-20,-0.047
2017-11-21,-0.05
2017-11-22,-0.054
2017-11-24,-0.054
2017-11-27,-0.053
2017-11-28,-0.053
2017-11-29,-0.053
2017-11-30,-0.055
2017-12-01,-0.056
2017-12-04,-0.052
2017-12-05,-0.05
2017-12-06,-0.034
2017-12-07,-0.043
2017-12-08,-0.038
2017-12-11,-0.036
2017-12-12,-0.034
2017-12-13,-0.032
2017-12-14,-0.026
2017-12-15,-0.037
2017-12-18,-0.046
2017-12-19,-0.048
2017-12-20,-0.047
2017-12-21,-0.046
2017-12-22,-0.045
2017-12-25,-0.043
2017-12-26,-0.039
2017-12-27,-0.037
2017-12-28,-0.036
2017-12-29,-0.062
2018-01-04,-0.047
2018-01-05,-0.042
2018-01-09,-0.038
2018-01-10,-0.036
2018-01-11,-0.03
2018-01-12,-0.027
2018-01-15,-0.029
2018-01-16,-0.042
2018-01-17,-0.042
2018-01-18,-0.042
2018-01-19,-0.041
2018-01-22,-0.041
2018-01-23,-0.041
2018-01-24,-0.036
2018-01-25,-0.041
2018-01-26,-0.04
2018-01-29,-0.043
2018-01-30,-0.044
2018-01-31,-0.05
2018-02-01,-0.045
2018-02-02,-0.042
2018-02-05,-0.044
2018-02-06,-0.041
2018-02-07,-0.038
2018-02-08,-0.036
2018-02-09,-0.034
2018-02-13,-0.032
2018-02-14,-0.029
2018-02-15,-0.033
2018-02-16,-0.042
2018-02-19,-0.044
2018-02-20,-0.045
2018-02-21,-0.048
2018-02-22,-0.048
2018-02-23,-0.046
2018-02-26,-0.048
2018-02-27,-0.048
2018-02-28,-0.053
2018-03-01,-0.052
2018-03-02,-0.05
2018-03-05,-0.054
2018-03-06,-0.053
2018-03-07,-0.055
2018-03-08,-0.057
2018-03-09,-0.061
2018-03-12,-0.065
2018-03-13,-0.068
2018-03-14,-0.068
2018-03-15,-0.069
2018-03-16,-0.063
2018-03-19,-0.062
2018-03-20,-0.061
2018-03-22,-0.063
2018-03-23,-0.064
2018-03-26,-0.064
2018-03-27,-0.066
2018-03-28,-0.066
2018-03-29,-0.066
2018-03-30,-0.068
2018-04-02,-0.067
2018-04-03,-0.067
2018-04-04,-0.063
2018-04-05,-0.062
2018-04-06,-0.059
2018-04-09,-0.058
2018-04-10,-0.055
2018-04-11,-0.053
2018-04-12,-0.047
2018-04-13,-0.044
2018-04-16,-0.059
2018-04-17,-0.063
2018-04-18,-0.063
2018-04-19,-0.069
2018-04-20,-0.07
2018-04-23,-0.071
2018-04-24,-0.072
2018-04-25,-0.072
2018-04-26,-0.071
2018-04-27,-0.067
2018-05-01,-0.075
2018-05-02,-0.075
2018-05-07,-0.072
2018-05-08,-0.063
2018-05-09,-0.052
2018-05-10,-0.042
2018-05-11,-0.034
2018-05-14,-0.034
2018-05-15,-0.036
2018-05-16,-0.055
2018-05-17,-0.062
2018-05-18,-0.064
2018-05-21,-0.068
2018-05-22,-0.068
2018-05-23,-0.07
2018-05-24,-0.07
2018-05-25,-0.071
2018-05-28,-0.069
2018-05-29,-0.07
2018-05-30,-0.07
2018-05-31,-0.065
2018-06-01,-0.072
2018-06-04,-0.071
2018-06-05,-0.073
2018-06-06,-0.072
2018-06-07,-0.071
2018-06-08,-0.072
2018-06-11,-0.071
2018-06-12,-0.071
2018-06-13,-0.068
2018-06-14,-0.067
2018-06-15,-0.064
2018-06-18,-0.069
2018-06-19,-0.07
2018-06-20,-0.073
2018-06-21,-0.072
2018-06-22,-0.075
2018-06-25,-0.073
2018-06-26,-0.074
2018-06-27,-0.073
2018-06-28,-0.071
2018-06-29,-0.069
2018-07-02,-0.074
2018-07-03,-0.073
2018-07-04,-0.073
2018-07-05,-0.072
2018-07-06,-0.069
2018-07-09,-0.071
2018-07-10,-0.071
2018-07-11,-0.068
2018-07-12,-0.064
2018-07-13,-0.065
2018-07-17,-0.072
2018-07-18,-0.072
2018-07-19,-0.072
2018-07-20,-0.072
2018-07-23,-0.068
2018-07-24,-0.07
2018-07-25,-0.069
2018-07-26,-0.07
2018-07-27,-0.071
2018-07-30,-0.068
2018-07-31,-0.065
2018-08-01,-0.071
2018-08-02,-0.072
2018-08-03,-0.071
2018-08-06,-0.071
2018-08-07,-0.066
2018-08-08,-0.06
2018-08-09,-0.055
2018-08-10,-0.047
2018-08-13,-0.051
2018-08-14,-0.051
2018-08-15,-0.052
2018-08-16,-0.067
2018-08-17,-0.067
2018-08-20,-0.066
2018-08-21,-0.063
2018-08-22,-0.061
2018-08-23,-0.055
2018-08-24,-0.053
2018-08-27,-0.053
2018-08-28,-0.051
2018-08-29,-0.053
2018-08-30,-0.05
2018-08-31,-0.055
2018-09-03,-0.052
2018-09-04,-0.054
2018-09-05,-0.052
2018-09-06,-0.051
2018-09-07,-0.053
2018-09-10,-0.054
2018-09-11,-0.057
2018-09-12,-0.058
2018-09-13,-0.058
2018-09-14,-0.062
2018-09-18,-0.064
2018-09-19,-0.064
2018-09-20,-0.064
2018-09-21,-0.063
2018-09-25,-0.062
2018-09-26,-0.062
2018-09-27,-0.06
2018-09-28,-0.064
2018-10-01,-0.063
2018-10-02,-0.062
2018-10-03,-0.06
2018-10-04,-0.057
2018-10-05,-0.051
2018-10-09,-0.052
2018-10-10,-0.053
2018-10-11,-0.05
2018-10-12,-0.042
2018-10-15,-0.039
2018-10-16,-0.058
2018-10-17,-0.061
2018-10-18,-0.064
2018-10-19,-0.068
2018-10-22,-0.069
2018-10-23,-0.069
2018-10-24,-0.057
2018-10-25,-0.069
2018-10-26,-0.071
2018-10-29,-0.07
2018-10-30,-0.072
2018-10-31,-0.068
2018-11-01,-0.071
2018-11-02,-0.071
2018-11-05,-0.072
2018-11-06,-0.071
2018-11-07,-0.07
2018-11-08,-0.071
2018-11-09,-0.071
2018-11-12,-0.07
2018-11-13,-0.072
2018-11-14,-0.067
2018-11-15,-0.073
2018-11-16,-0.072
2018-11-19,-0.068
2018-11-20,-0.066
2018-11-21,-0.069
2018-11-22,-0.071
2018-11-26,-0.07
2018-11-27,-0.073
2018-11-28,-0.07
2018-11-29,-0.072
2018-11-30,-0.062
2018-12-03,-0.069
2018-12-04,-0.069
2018-12-05,-0.069
2018-12-06,-0.07
2018-12-07,-0.067
2018-12-10,-0.068
2018-12-11,-0.068
2018-12-12,-0.066
2018-12-13,-0.062
2018-12-14,-0.065
2018-12-17,-0.067
2018-12-18,-0.068
2018-12-19,-0.07
2018-12-20,-0.071
2018-12-21,-0.071
2018-12-25,-0.07
2018-12-26,-0.07
2018-12-27,-0.07
2018-12-28,-0.055
2019-01-04,-0.07
2019-01-07,-0.068
2019-01-08,-0.066
2019-01-09,-0.062
2019-01-10,-0.058
2019-01-11,-0.058
2019-01-15,-0.062
2019-01-16,-0.068
2019-01-17,-0.062
2019-01-18,-0.067
2019-01-21,-0.067
2019-01-22,-0.067
2019-01-23,-0.067
2019-01-24,-0.066
2019-01-25,-0.063
2019-01-28,-0.062
2019-01-29,-0.064
2019-01-30,-0.063
2019-01-31,-0.06
2019-02-01,-0.061
2019-02-04,-0.061
2019-02-05,-0.058
2019-02-06,-0.052
2019-02-07,-0.049
2019-02-08,-0.047
2019-02-12,-0.049
2019-02-13,-0.051
2019-02-14,-0.052
2019-02-15,-0.057
2019-02-18,-0.063
2019-02-19,-0.063
2019-02-20,-0.058
2019-02-21,-0.056
2019-02-22,-0.058
2019-02-25,-0.058
2019-02-26,-0.052
2019-02-27,-0.05
2019-02-28,-0.054
2019-03-01,-0.049
2019-03-04,-0.047
2019-03-05,-0.042
2019-03-06,-0.034
2019-03-07,-0.029
2019-03-08,-0.027
2019-03-11,-0.024
2019-03-12,-0.022
2019-03-13,-0.021
2019-03-14,-0.023
2019-03-15,-0.021
2019-03-18,-0.051
2019-03-19,-0.053
2019-03-20,-0.059
2019-03-22,-0.061
2019-03-25,-0.062
2019-03-26,-0.064
2019-03-27,-0.066
2019-03-28,-0.067
2019-03-29,-0.06
2019-04-01,-0.067
2019-04-02,-0.067
2019-04-03,-0.066
2019-04-04,-0.063
2019-04-05,-0.063
2019-04-08,-0.063
2019-04-09,-0.064
2019-04-10,-0.064
2019-04-11,-0.063
2019-04-12,-0.062
2019-04-15,-0.061
2019-04-16,-0.065
2019-04-17,-0.065
2019-04-18,-0.069
2019-04-19,-0.072
2019-04-22,-0.076
2019-04-23,-0.077
2019-04-24,-0.075
2019-04-25,-0.075
2019-04-26,-0.073
2019-05-07,-0.07
2019-05-08,-0.061
2019-05-09,-0.048
2019-05-10,-0.033
2019-05-13,-0.028
2019-05-14,-0.023
2019-05-15,-0.025
2019-05-16,-0.066
2019-05-17,-0.068
2019-05-20,-0.068
2019-05-21,-0.065
2019-05-22,-0.058
2019-05-23,-0.049
2019-05-24,-0.042
2019-05-27,-0.041
2019-05-28,-0.042
2019-05-29,-0.044
2019-05-30,-0.051
2019-05-31,-0.059
2019-06-03,-0.06
2019-06-04,-0.057
2019-06-05,-0.054
2019-06-06,-0.053
2019-06-07,-0.053
2019-06-10,-0.056
2019-06-11,-0.057
2019-06-12,-0.058
2019-06-13,-0.057
2019-06-14,-0.061
2019-06-17,-0.067
2019-06-18,-0.068
2019-06-19,-0.069
2019-06-20,-0.068
2019-06-21,-0.067
2019-06-24,-0.066
2019-06-25,-0.066
2019-06-26,-0.068
2019-06-27,-0.07
2019-06-28,-0.076
2019-07-01,-0.071
2019-07-02,-0.071
2019-07-03,-0.071
2019-07-04,-0.072
2019-07-05,-0.074
2019-07-08,-0.075
2019-07-09,-0.076
2019-07-10,-0.077
2019-07-11,-0.076
2019-07-12,-0.076
2019-07-16,-0.072
2019-07-17,-0.066
2019-07-18,-0.065
2019-07-19,-0.064
2019-07-22,-0.063
2019-07-23,-0.065
2019-07-24,-0.067
2019-07-25,-0.071
2019-07-26,-0.073
2019-07-29,-0.072
2019-07-30,-0.071
2019-07-31,-0.071
2019-08-01,-0.07
2019-08-02,-0.063
2019-08-05,-0.05
2019-08-06,-0.031
2019-08-07,-0.032
2019-08-08,-0.033
2019-08-09,-0.029
2019-08-13,-0.025
2019-08-14,-0.019
2019-08-15,-0.02
2019-08-16,-0.057
2019-08-19,-0.061
2019-08-20,-0.059
2019-08-21,-0.058
2019-08-22,-0.058
2019-08-23,-0.052
2019-08-26,-0.047
2019-08-27,-0.041
2019-08-28,-0.043
2019-08-29,-0.05
2019-08-30,-0.061
2019-09-02,-0.063
2019-09-03,-0.067
2019-09-04,-0.067
2019-09-05,-0.067
2019-09-06,-0.064
2019-09-09,-0.067
2019-09-10,-0.061
2019-09-11,-0.055
2019-09-12,-0.043
2019-09-13,-0.042
2019-09-17,-0.065
2019-09-18,-0.065
2019-09-19,-0.065
2019-09-20,-0.057
2019-09-24,-0.059
2019-09-25,-0.058
2019-09-26,-0.055
2019-09-27,-0.046
2019-09-30,-0.064
2019-10-01,-0.048
2019-10-02,-0.036
2019-10-03,-0.019
2019-10-04,-0.011
2019-10-07,-0.012
2019-10-08,-0.012
2019-10-09,-0.012
2019-10-10,-0.011
2019-10-11,-0.01
2019-10-15,-0.009
2019-10-16,-0.051
2019-10-17,-0.045
2019-10-18,-0.031
2019-10-21,-0.019
2019-10-23,-0.014
2019-10-24,-0.013
2019-10-25,-0.014
2019-10-28,-0.016
2019-10-29,-0.021
2019-10-30,-0.024
2019-10-31,-0.03
2019-11-01,-0.024
2019-11-05,-0.027
2019-11-06,-0.031
2019-11-07,-0.038
2019-11-08,-0.05
2019-11-11,-0.065
2019-11-12,-0.07
2019-11-13,-0.072
2019-11-14,-0.074
2019-11-15,-0.063
2019-11-18,-0.058
2019-11-19,-0.054
2019-11-20,-0.047
2019-11-21,-0.039
2019-11-22,-0.03
2019-11-25,-0.027
2019-11-26,-0.018
2019-11-27,-0.023
2019-11-28,-0.024
2019-11-29,-0.034
2019-12-02,-0.031
2019-12-03,-0.028
2019-12-04,-0.025
2019-12-05,-0.017
2019-12-06,-0.009
2019-12-09,-0.008
2019-12-10,-0.008
2019-12-11,-0.008
2019-12-12,-0.009
2019-12-13,-0.008
2019-12-16,-0.053
2019-12-17,-0.057
2019-12-18,-0.06
2019-12-19,-0.061
2019-12-20,-0.061
2019-12-23,-0.059
2019-12-24,-0.058
2019-12-25,-0.056
2019-12-26,-0.055
2019-12-27,-0.051
2019-12-30,-0.068
2020-01-06,-0.061
2020-01-07,-0.064
2020-01-08,-0.061
2020-01-09,-0.052
2020-01-10,-0.035
2020-01-14,-0.028
2020-01-15,-0.016
2020-01-16,-0.042
2020-01-17,-0.023
2020-01-20,-0.018
2020-01-21,-0.018
2020-01-22,-0.018
2020-01-23,-0.018
2020-01-24,-0.016
2020-01-27,-0.019
2020-01-28,-0.02
2020-01-29,-0.025
2020-01-30,-0.032
2020-01-31,-0.039
2020-02-03,-0.033
2020-02-04,-0.023
2020-02-05,-0.015
2020-02-06,-0.016
2020-02-07,-0.014
2020-02-10,-0.01
2020-02-12,-0.008
2020-02-13,-0.008
2020-02-14,-0.011
2020-02-17,-0.025
2020-02-18,-0.018
2020-02-19,-0.017
2020-02-20,-0.016
2020-02-21,-0.016
2020-02-25,-0.012
2020-02-26,-0.014
2020-02-27,-0.014
2020-02-28,-0.025
2020-03-02,-0.023
2020-03-03,-0.024
2020-03-04,-0.032
2020-03-05,-0.042
2020-03-06,-0.052
2020-03-09,-0.06
2020-03-10,-0.065
2020-03-11,-0.065
2020-03-12,-0.066
2020-03-13,-0.067
2020-03-16,-0.068
2020-03-17,-0.068
2020-03-18,-0.063
2020-03-19,-0.051
2020-03-23,-0.048
2020-03-24,-0.039
2020-03-25,-0.028
2020-03-26,-0.02
2020-03-27,-0.017
2020-03-30,-0.017
2020-03-31,-0.07
2020-04-01,-0.022
2020-04-02,-0.02
2020-04-03,-0.017
2020-04-06,-0.022
2020-04-07,-0.035
2020-04-08,-0.046
2020-04-09,-0.048
2020-04-10,-0.032
2020-04-13,-0.019
2020-04-14,-0.01
2020-04-15,-0.009
2020-04-16,-0.044
2020-04-17,-0.046
2020-04-20,-0.042
2020-04-21,-0.043
2020-04-22,-0.043
2020-04-23,-0.046
2020-04-24,-0.047
2020-04-27,-0.047
2020-04-28,-0.048
2020-04-30,-0.06
2020-05-01,-0.044
2020-05-07,-0.035
2020-05-08,-0.027
2020-05-11,-0.019
2020-05-12,-0.022
2020-05-13,-0.026
2020-05-14,-0.02
2020-05-15,-0.04
2020-05-18,-0.058
2020-05-19,-0.061
2020-05-20,-0.061
2020-05-21,-0.062
2020-05-22,-0.059
2020-05-25,-0.059
2020-05-26,-0.06
2020-05-27,-0.059
2020-05-28,-0.057
2020-05-29,-0.073
2020-06-01,-0.058
2020-06-02,-0.059
2020-06-03,-0.068
2020-06-04,-0.064
2020-06-05,-0.057
2020-06-08,-0.055
2020-06-09,-0.048
2020-06-10,-0.038
2020-06-11,-0.031
2020-06-12,-0.023
2020-06-15,-0.018
2020-06-16,-0.056
2020-06-17,-0.055
2020-06-18,-0.055
2020-06-19,-0.042
2020-06-22,-0.045
2020-06-23,-0.042
2020-06-24,-0.043
2020-06-25,-0.042
2020-06-26,-0.038
2020-06-29,-0.041
2020-06-30,-0.068
2020-07-01,-0.041
2020-07-02,-0.039
2020-07-03,-0.034
2020-07-06,-0.034
2020-07-07,-0.027
2020-07-08,-0.023
2020-07-09,-0.021
2020-07-10,-0.017
2020-07-13,-0.019
2020-07-14,-0.017
2020-07-15,-0.014
2020-07-16,-0.05
2020-07-17,-0.037
2020-07-20,-0.035
2020-07-21,-0.03
2020-07-22,-0.028
2020-07-27,-0.028
2020-07-28,-0.026
2020-07-29,-0.023
2020-07-30,-0.02
2020-07-31,-0.021
2020-08-03,-0.02
2020-08-04,-0.021
2020-08-05,-0.022
2020-08-06,-0.022
2020-08-07,-0.02
2020-08-11,-0.02
2020-08-12,-0.019
2020-08-13,-0.016
2020-08-14,-0.024
2020-08-17,-0.052
2020-08-18,-0.045
2020-08-19,-0.04
2020-08-20,-0.039
2020-08-21,-0.037
2020-08-24,-0.041
2020-08-25,-0.048
2020-08-26,-0.051
2020-08-27,-0.054
2020-08-28,-0.054
2020-08-31,-0.057
2020-09-01,-0.052
2020-09-02,-0.051
2020-09-03,-0.058
2020-09-04,-0.057
2020-09-07,-0.064
2020-09-08,-0.066
2020-09-09,-0.07
2020-09-10,-0.073
2020-09-11,-0.074
2020-09-14,-0.072
2020-09-15,-0.052
2020-09-16,-0.056
2020-09-17,-0.051
2020-09-18,-0.046
2020-09-23,-0.046
2020-09-24,-0.038
2020-09-25,-0.03
2020-09-28,-0.032
2020-09-29,-0.031
2020-09-30,-0.061
2020-10-01,-0.031
2020-10-02,-0.022
2020-10-05,-0.019
2020-10-06,-0.014
2020-10-07,-0.01
2020-10-08,-0.008
2020-10-09,-0.008
2020-10-12,-0.016
2020-10-13,-0.02
2020-10-14,-0.02
2020-10-15,-0.014
2020-10-16,-0.033
2020-10-19,-0.031
2020-10-20,-0.022
2020-10-21,-0.019
2020-10-22,-0.017
2020-10-23,-0.012
2020-10-26,-0.016
2020-10-27,-0.019
2020-10-28,-0.024
2020-10-29,-0.026
2020-10-30,-0.029
2020-11-02,-0.03
2020-11-04,-0.032
2020-11-05,-0.031
2020-11-06,-0.029
2020-11-09,-0.03
2020-11-10,-0.034
2020-11-11,-0.034
2020-11-12,-0.034
2020-11-13,-0.03
2020-11-16,-0.038
2020-11-17,-0.033
2020-11-18,-0.035
2020-11-19,-0.034
2020-11-20,-0.033
2020-11-24,-0.031
2020-11-25,-0.03
2020-11-26,-0.03
2020-11-27,-0.03
2020-11-30,-0.032
2020-12-01,-0.03
2020-12-02,-0.029
2020-12-03,-0.03
2020-12-04,-0.03
2020-12-07,-0.028
2020-12-08,-0.028
2020-12-09,-0.032
2020-12-10,-0.032
2020-12-11,-0.03
2020-12-14,-0.028
2020-12-15,-0.023
2020-12-16,-0.033
2020-12-17,-0.027
2020-12-18,-0.022
2020-12-21,-0.022
2020-12-22,-0.02
2020-12-23,-0.019
2020-12-24,-0.021
2020-12-25,-0.016
2020-12-28,-0.019
2020-12-29,-0.019
2020-12-30,-0.033
2021-01-04,-0.018
2021-01-05,-0.019
2021-01-06,-0.018
2021-01-07,-0.018
2021-01-08,-0.016
2021-01-12,-0.016
2021-01-13,-0.012
2021-01-14,-0.008
2021-01-15,-0.015
2021-01-18,-0.024
2021-01-19,-0.021
2021-01-20,-0.019
2021-01-21,-0.018
2021-01-22,-0.016
2021-01-25,-0.017
2021-01-26,-0.016
2021-01-27,-0.017
2021-01-28,-0.016
2021-01-29,-0.012
2021-02-01,-0.016
2021-02-02,-0.013
2021-02-03,-0.013
2021-02-04,-0.011
2021-02-05,-0.01
2021-02-08,-0.011
2021-02-09,-0.01
2021-02-10,-0.008
2021-02-12,-0.011
2021-02-15,-0.008
2021-02-16,-0.021
2021-02-17,-0.022
2021-02-18,-0.022
2021-02-19,-0.019
2021-02-22,-0.02
2021-02-24,-0.02
2021-02-25,-0.022
2021-02-26,-0.022
2021-03-01,-0.024
2021-03-02,-0.022
2021-03-03,-0.02
2021-03-04,-0.016
2021-03-05,-0.014
2021-03-08,-0.014
2021-03-09,-0.013
2021-03-10,-0.013
2021-03-11,-0.012
2021-03-12,-0.013
2021-03-15,-0.016
2021-03-16,-0.019
2021-03-17,-0.018
2021-03-18,-0.014
2021-03-19,-0.01
2021-03-22,-0.014
2021-03-23,-0.014
2021-03-24,-0.015
2021-03-25,-0.015
2021-03-26,-0.014
2021-03-29,-0.014
2021-03-30,-0.014
2021-03-31,-0.044
2021-04-01,-0.014
2021-04-02,-0.012
2021-04-05,-0.01
2021-04-06,-0.01
2021-04-07,-0.01
2021-04-08,-0.01
2021-04-09,-0.01
2021-04-12,-0.012
2021-04-13,-0.013
2021-04-14,-0.013
2021-04-15,-0.01
2021-04-16,-0.014
2021-04-19,-0.013
2021-04-20,-0.013
2021-04-21,-0.013
2021-04-22,-0.013
2021-04-23,-0.012
2021-04-26,-0.012
2021-04-27,-0.013
2021-04-28,-0.014
2021-04-30,-0.017
2021-05-06,-0.016
2021-05-07,-0.016
2021-05-10,-0.016
2021-05-11,-0.015
2021-05-12,-0.016
2021-05-13,-0.014
2021-05-14,-0.011
2021-05-17,-0.015
2021-05-18,-0.016
2021-05-19,-0.016
2021-05-20,-0.015
2021-05-21,-0.014
2021-05-24,-0.015
2021-05-25,-0.016
2021-05-26,-0.018
2021-05-27,-0.021
2021-05-28,-0.025
2021-05-31,-0.034
2021-06-01,-0.038
2021-06-02,-0.043
2021-06-03,-0.037
2021-06-04,-0.034
2021-06-07,-0.032
2021-06-08,-0.029
2021-06-09,-0.026
2021-06-10,-0.022
2021-06-11,-0.016
2021-06-14,-0.015
2021-06-15,-0.013
2021-06-16,-0.034
2021-06-17,-0.028
2021-06-18,-0.027
2021-06-21,-0.026
2021-06-22,-0.029
2021-06-23,-0.028
2021-06-24,-0.028
2021-06-25,-0.029
2021-06-28,-0.03
2021-06-29,-0.029
2021-06-30,-0.05
2021-07-01,-0.03
2021-07-02,-0.027
2021-07-05,-0.031
2021-07-06,-0.032
2021-07-07,-0.032
2021-07-08,-0.033
2021-07-09,-0.034
2021-07-12,-0.035
2021-07-13,-0.038
2021-07-14,-0.043
2021-07-15,-0.037
2021-07-16,-0.035
2021-07-19,-0.035
2021-07-20,-0.035
2021-07-21,-0.038
2021-07-26,-0.038
2021-07-27,-0.039
2021-07-28,-0.041
2021-07-29,-0.043
2021-07-30,-0.044
2021-08-02,-0.043
2021-08-03,-0.041
2021-08-04,-0.039
2021-08-05,-0.03
2021-08-06,-0.028
2021-08-10,-0.028
2021-08-11,-0.026
2021-08-12,-0.02
2021-08-13,-0.017
2021-08-16,-0.036
2021-08-17,-0.037
2021-08-18,-0.037
2021-08-19,-0.038
2021-08-20,-0.038
2021-08-23,-0.032
2021-08-24,-0.037
2021-08-25,-0.037
2021-08-26,-0.037
2021-08-27,-0.037
2021-08-30,-0.036
2021-08-31,-0.036
2021-09-01,-0.032
2021-09-02,-0.026
2021-09-03,-0.02
2021-09-06,-0.018
2021-09-07,-0.014
2021-09-08,-0.009
2021-09-09,-0.006
2021-09-10,-0.01
2021-09-13,-0.016
2021-09-14,-0.024
2021-09-15,-0.033
2021-09-16,-0.026
2021-09-17,-0.022
2021-09-21,-0.022
2021-09-22,-0.021
2021-09-24,-0.022
2021-09-27,-0.024
2021-09-28,-0.025
2021-09-29,-0.025
2021-09-30,-0.049
2021-10-01,-0.018
2021-10-04,-0.017
2021-10-05,-0.015
2021-10-06,-0.012
2021-10-07,-0.009
2021-10-08,-0.008
2021-10-11,-0.021
2021-10-12,-0.032
2021-10-13,-0.04
2021-10-14,-0.052
2021-10-15,-0.046
2021-10-18,-0.039
2021-10-19,-0.038
2021-10-20,-0.036
2021-10-21,-0.031
2021-10-22,-0.028
2021-10-25,-0.027
2021-10-26,-0.026
2021-10-27,-0.027
2021-10-28,-0.027
2021-10-29,-0.027
2021-11-01,-0.029
2021-11-02,-0.031
2021-11-04,-0.033
2021-11-05,-0.036
2021-11-08,-0.045
2021-11-09,-0.051
2021-11-10,-0.049
2021-11-11,-0.047
2021-11-12,-0.038
2021-11-15,-0.03
2021-11-16,-0.037
2021-11-17,-0.037
2021-11-18,-0.038
2021-11-19,-0.037
2021-11-22,-0.038
2021-11-24,-0.041
2021-11-25,-0.042
2021-11-26,-0.043
2021-11-29,-0.047
2021-11-30,-0.048
2021-12-01,-0.05
2021-12-02,-0.05
2021-12-03,-0.043
2021-12-06,-0.035
2021-12-07,-0.028
2021-12-08,-0.022
2021-12-09,-0.015
2021-12-10,-0.008
2021-12-13,-0.009
2021-12-14,-0.014
2021-12-15,-0.022
2021-12-16,-0.033
2021-12-17,-0.028
2021-12-20,-0.028
2021-12-21,-0.028
2021-12-22,-0.028
2021-12-23,-0.027
2021-12-24,-0.023
2021-12-27,-0.021
2021-12-28,-0.018
2021-12-29,-0.016
2021-12-30,-0.018
2022-01-04,-0.016
2022-01-05,-0.012
2022-01-06,-0.009
2022-01-07,-0.008
2022-01-11,-0.014
2022-01-12,-0.021
2022-01-13,-0.021
2022-01-14,-0.02
2022-01-17,-0.029
2022-01-18,-0.028
2022-01-19,-0.026
2022-01-20,-0.025
2022-01-21,-0.02
2022-01-24,-0.021
2022-01-25,-0.021
2022-01-26,-0.021
2022-01-27,-0.021
2022-01-28,-0.021
2022-01-31,-0.021
2022-02-01,-0.02
2022-02-02,-0.02
2022-02-03,-0.019
2022-02-04,-0.018
2022-02-07,-0.02
2022-02-08,-0.02
2022-02-09,-0.02
2022-02-10,-0.022
2022-02-14,-0.019
2022-02-15,-0.01
2022-02-16,-0.024
2022-02-17,-0.022
2022-02-18,-0.018
2022-02-21,-0.019
2022-02-22,-0.017
2022-02-24,-0.017
2022-02-25,-0.013
2022-02-28,-0.012
2022-03-01,-0.011
2022-03-02,-0.01
2022-03-03,-0.009
2022-03-04,-0.009
2022-03-07,-0.007
2022-03-08,-0.007
2022-03-09,-0.007
2022-03-10,-0.008
2022-03-11,-0.01
2022-03-14,-0.011
2022-03-15,-0.008
2022-03-16,-0.013
2022-03-17,-0.009
2022-03-18,-0.006
2022-03-22,-0.005
2022-03-23,-0.006
2022-03-24,-0.005
2022-03-25,-0.004
2022-03-28,-0.004
2022-03-29,-0.004
2022-03-30,-0.004
2022-03-31,-0.02
2022-04-01,-0.004
2022-04-04,-0.004
2022-04-05,-0.005
2022-04-06,-0.005
2022-04-07,-0.006
2022-04-08,-0.006
2022-04-11,-0.008
2022-04-12,-0.008
2022-04-13,-0.01
2022-04-14,-0.013
2022-04-15,-0.016
2022-04-18,-0.019
2022-04-19,-0.017
2022-04-20,-0.016
2022-04-21,-0.016
2022-04-22,-0.015
2022-04-25,-0.016
2022-04-26,-0.017
2022-04-27,-0.018
2022-04-28,-0.021
2022-05-02,-0.02
2022-05-06,-0.019
2022-05-09,-0.017
2022-05-10,-0.013
2022-05-11,-0.009
2022-05-12,-0.007
2022-05-13,-0.005
2022-05-16,-0.019
2022-05-17,-0.018
2022-05-18,-0.019
2022-05-19,-0.019
2022-05-20,-0.02
2022-05-23,-0.021
2022-05-24,-0.02
2022-05-25,-0.02
2022-05-26,-0.019
2022-05-27,-0.021
2022-05-30,-0.022
2022-05-31,-0.026
2022-06-01,-0.029
2022-06-02,-0.034
2022-06-03,-0.039
2022-06-06,-0.043
2022-06-07,-0.045
2022-06-08,-0.041
2022-06-09,-0.029
2022-06-10,-0.025
2022-06-13,-0.033
2022-06-14,-0.034
2022-06-15,-0.023
2022-06-16,-0.042
2022-06-17,-0.04
2022-06-20,-0.044
2022-06-21,-0.046
2022-06-22,-0.047
2022-06-23,-0.047
2022-06-24,-0.04
2022-06-27,-0.04
2022-06-28,-0.039
2022-06-29,-0.033
2022-06-30,-0.04
2022-07-01,-0.026
2022-07-04,-0.022
2022-07-05,-0.016
2022-07-06,-0.012
2022-07-07,-0.01
2022-07-08,-0.008
2022-07-11,-0.01
2022-07-12,-0.008
2022-07-13,-0.007
2022-07-14,-0.007
2022-07-15,-0.014
2022-07-19,-0.019
2022-07-20,-0.014
2022-07-21,-0.012
2022-07-22,-0.009
2022-07-25,-0.01
2022-07-26,-0.01
2022-07-27,-0.01
2022-07-28,-0.01
2022-07-29,-0.01
2022-08-01,-0.01
2022-08-02,-0.009
2022-08-03,-0.009
2022-08-04,-0.009
2022-08-05,-0.009
2022-08-08,-0.009
2022-08-09,-0.009
2022-08-10,-0.008
2022-08-12,-0.008
2022-08-15,-0.007
2022-08-16,-0.018
2022-08-17,-0.014
2022-08-18,-0.01
2022-08-19,-0.009
2022-08-22,-0.014
2022-08-23,-0.022
2022-08-24,-0.031
2022-08-25,-0.038
2022-08-26,-0.039
2022-08-29,-0.039
2022-08-30,-0.039
2022-08-31,-0.041
2022-09-01,-0.044
2022-09-02,-0.048
2022-09-05,-0.047
2022-09-06,-0.043
2022-09-07,-0.041
2022-09-08,-0.037
2022-09-09,-0.03
2022-09-12,-0.032
2022-09-13,-0.033
2022-09-14,-0.033
2022-09-15,-0.032
2022-09-16,-0.053
2022-09-20,-0.052
2022-09-21,-0.052
2022-09-22,-0.055
2022-09-26,-0.063
2022-09-27,-0.069
2022-09-28,-0.068
2022-09-29,-0.066
2022-09-30,-0.073
2022-10-03,-0.065
2022-10-04,-0.059
2022-10-05,-0.052
2022-10-06,-0.039
2022-10-07,-0.021
2022-10-11,-0.022
2022-10-12,-0.026
2022-10-13,-0.033
2022-10-14,-0.042
2022-10-17,-0.065
2022-10-18,-0.063
2022-10-19,-0.056
2022-10-20,-0.052
2022-10-21,-0.049
2022-10-24,-0.057
2022-10-25,-0.059
2022-10-26,-0.06
2022-10-27,-0.056
2022-10-28,-0.052
2022-10-31,-0.062
2022-11-01,-0.057
2022-11-02,-0.055
2022-11-04,-0.054
2022-11-07,-0.054
2022-11-08,-0.059
2022-11-09,-0.063
2022-11-10,-0.066
2022-11-11,-0.068
2022-11-14,-0.067
2022-11-15,-0.067
2022-11-16,-0.07
2022-11-17,-0.071
2022-11-18,-0.071
2022-11-21,-0.072
2022-11-22,-0.073
2022-11-24,-0.073
2022-11-25,-0.075
2022-11-28,-0.077
2022-11-29,-0.078
2022-11-30,-0.079
2022-12-01,-0.079
2022-12-02,-0.078
2022-12-05,-0.078
2022-12-06,-0.078
2022-12-07,-0.077
2022-12-08,-0.077
2022-12-09,-0.077
2022-12-12,-0.077
2022-12-13,-0.075
2022-12-14,-0.068
2022-12-15,-0.064
2022-12-16,-0.072
2022-12-19,-0.071
2022-12-20,-0.068
2022-12-21,-0.067
2022-12-22,-0.065
2022-12-23,-0.062
2022-12-26,-0.062
2022-12-27,-0.053
2022-12-28,-0.047
2022-12-29,-0.033
2022-12-30,-0.022
2023-01-04,-0.038
2023-01-05,-0.039
2023-01-06,-0.015
2023-01-10,-0.027
2023-01-11,-0.03
2023-01-12,-0.022
2023-01-13,-0.035
2023-01-16,-0.026
2023-01-17,-0.014
2023-01-18,-0.011
2023-01-19,-0.01
2023-01-20,-0.01
2023-01-23,-0.012
2023-01-24,-0.015
2023-01-25,-0.014
2023-01-26,-0.014
2023-01-27,-0.014
2023-01-30,-0.014
2023-01-31,-0.014
2023-02-01,-0.013
2023-02-02,-0.013
2023-02-03,-0.012
2023-02-06,-0.021
2023-02-07,-0.029
2023-02-08,-0.035
2023-02-09,-0.036
2023-02-10,-0.034
2023-02-13,-0.035
2023-02-14,-0.032
2023-02-15,-0.026
2023-02-16,-0.01
2023-02-17,-0.007
2023-02-20,-0.009
2023-02-21,-0.009
2023-02-22,-0.008
2023-02-24,-0.009
2023-02-27,-0.01
2023-02-28,-0.011
2023-03-01,-0.011
2023-03-02,-0.011
2023-03-03,-0.01
2023-03-06,-0.011
2023-03-07,-0.011
2023-03-08,-0.012
2023-03-09,-0.017
2023-03-10,-0.029
2023-03-13,-0.033
2023-03-14,-0.033
2023-03-15,-0.023
2023-03-16,-0.021
2023-03-17,-0.016
2023-03-20,-0.015
2023-03-22,-0.014
2023-03-23,-0.013
2023-03-24,-0.009
2023-03-27,-0.014
2023-03-28,-0.015
2023-03-29,-0.015
2023-03-30,-0.014
2023-03-31,-0.03
2023-04-03,-0.009
2023-04-04,-0.008
2023-04-05,-0.007
2023-04-06,-0.006
2023-04-07,-0.005
2023-04-10,-0.006
2023-04-11,-0.007
2023-04-12,-0.006
2023-04-13,-0.006
2023-04-14,-0.007
2023-04-17,-0.01
2023-04-18,-0.009
2023-04-19,-0.01
2023-04-20,-0.009
2023-04-21,-0.01
2023-04-24,-0.013
2023-04-25,-0.019
2023-04-26,-0.031
2023-04-27,-0.049
2023-04-28,-0.073
2023-05-01,-0.073
2023-05-02,-0.074
2023-05-08,-0.073
2023-05-09,-0.07
2023-05-10,-0.061
2023-05-11,-0.046
2023-05-12,-0.03
2023-05-15,-0.023
2023-05-16,-0.034
2023-05-17,-0.033
2023-05-18,-0.034
2023-05-19,-0.031
2023-05-22,-0.034
2023-05-23,-0.037
2023-05-24,-0.047
2023-05-25,-0.059
2023-05-26,-0.063
2023-05-29,-0.062
2023-05-30,-0.064
2023-05-31,-0.071
2023-06-01,-0.07
2023-06-02,-0.072
2023-06-05,-0.068
2023-06-06,-0.058
2023-06-07,-0.047
2023-06-08,-0.039
2023-06-09,-0.028
2023-06-12,-0.058
2023-06-13,-0.079
2023-06-14,-0.078
2023-06-15,-0.07
2023-06-16,-0.061
2023-06-19,-0.064
2023-06-20,-0.069
2023-06-21,-0.072
2023-06-22,-0.073
2023-06-23,-0.074
2023-06-26,-0.075
2023-06-27,-0.074
2023-06-28,-0.076
2023-06-29,-0.075
2023-06-30,-0.077
2023-07-03,-0.071
2023-07-04,-0.06
2023-07-05,-0.032
2023-07-06,-0.016
2023-07-07,-0.012
2023-07-10,-0.021
2023-07-11,-0.026
2023-07-12,-0.019
2023-07-13,-0.009
2023-07-14,-0.021
2023-07-18,-0.048
2023-07-19,-0.052
2023-07-20,-0.061
2023-07-21,-0.07
2023-07-24,-0.073
2023-07-25,-0.074
2023-07-26,-0.073
2023-07-27,-0.071
2023-07-28,-0.059
2023-07-31,-0.061
2023-08-01,-0.063
2023-08-02,-0.07
2023-08-03,-0.07
2023-08-04,-0.072
2023-08-07,-0.075
2023-08-08,-0.073
2023-08-09,-0.074
2023-08-10,-0.072
2023-08-14,-0.068
2023-08-15,-0.029
2023-08-16,-0.06
2023-08-17,-0.064
2023-08-18,-0.064
2023-08-21,-0.065
2023-08-22,-0.064
2023-08-23,-0.064
2023-08-24,-0.063
2023-08-25,-0.061
2023-08-28,-0.06
2023-08-29,-0.055
2023-08-30,-0.052
2023-08-31,-0.056
2023-09-01,-0.06
2023-09-04,-0.069
2023-09-05,-0.072
2023-09-06,-0.076
2023-09-07,-0.072
2023-09-08,-0.066
2023-09-11,-0.06
2023-09-12,-0.048
2023-09-13,-0.016
2023-09-14,-0.012
2023-09-15,-0.043
2023-09-19,-0.059
2023-09-20,-0.056
2023-09-21,-0.049
2023-09-22,-0.039
2023-09-25,-0.042
2023-09-26,-0.051
2023-09-27,-0.064
2023-09-28,-0.063
2023-09-29,-0.062
2023-10-02,-0.044
2023-10-03,-0.031
2023-10-04,-0.021
2023-10-05,-0.015
2023-10-06,-0.016
2023-10-10,-0.03
2023-10-11,-0.033
2023-10-12,-0.029
2023-10-13,-0.019
2023-10-16,-0.028
2023-10-17,-0.015
2023-10-18,-0.011
2023-10-19,-0.01
2023-10-20,-0.01
2023-10-23,-0.012
2023-10-24,-0.014
2023-10-25,-0.018
2023-10-26,-0.019
2023-10-27,-0.013
2023-10-30,-0.016
2023-10-31,-0.02
2023-11-01,-0.016
2023-11-02,-0.011
2023-11-06,-0.011
2023-11-07,-0.01
2023-11-08,-0.01
2023-11-09,-0.011
2023-11-10,-0.014
2023-11-13,-0.014
2023-11-14,-0.012
2023-11-15,-0.011
2023-11-16,-0.027
2023-11-17,-0.015
2023-11-20,-0.013
2023-11-21,-0.012
2023-11-22,-0.012
2023-11-24,-0.012
2023-11-27,-0.017
2023-11-28,-0.021
2023-11-29,-0.022
2023-11-30,-0.022
2023-12-01,-0.015
2023-12-04,-0.013
2023-12-05,-0.011
2023-12-06,-0.01
2023-12-07,-0.01
2023-12-08,-0.01
2023-12-11,-0.011
2023-12-12,-0.01
2023-12-13,-0.009
2023-12-14,-0.008
2023-12-15,-0.009
2023-12-18,-0.013
2023-12-19,-0.01
2023-12-20,-0.01
2023-12-21,-0.011
2023-12-22,-0.01
2023-12-25,-0.011
2023-12-26,-0.011
2023-12-27,-0.013
2023-12-28,-0.016
2023-12-29,-0.039
2024-01-04,-0.021
2024-01-05,-0.018
2024-01-09,-0.017
2024-01-10,-0.016
2024-01-11,-0.014
2024-01-12,-0.01
2024-01-15,-0.009
2024-01-16,-0.017
2024-01-17,-0.014
2024-01-18,-0.014
2024-01-19,-0.011
2024-01-22,-0.014
2024-01-23,-0.014
2024-01-24,-0.013
2024-01-25,-0.012
2024-01-26,-0.01
2024-01-29,-0.011
2024-01-30,-0.011
2024-01-31,-0.011
2024-02-01,-0.01
2024-02-02,-0.008
2024-02-05,-0.008
2024-02-06,-0.007
2024-02-07,-0.006
2024-02-08,-0.005
2024-02-09,-0.005
2024-02-13,-0.005
2024-02-14,-0.005
2024-02-15,-0.005
2024-02-16,-0.006
2024-02-19,-0.006
2024-02-20,-0.006
2024-02-21,-0.006
2024-02-22,-0.005
2024-02-26,-0.006
2024-02-27,-0.006
2024-02-28,-0.006
2024-02-29,-0.005
2024-03-01,-0.005
2024-03-04,-0.006
2024-03-05,-0.007
2024-03-06,-0.009
2024-03-07,-0.011
2024-03-08,-0.01
2024-03-11,-0.01
2024-03-12,-0.011
2024-03-13,-0.011
2024-03-14,-0.009
2024-03-15,-0.005
2024-03-18,-0.003
2024-03-19,-0.001
2024-03-21,0.074
2024-03-22,0.077
2024-03-25,0.077
2024-03-26,0.077
2024-03-27,0.077
2024-03-28,0.077
2024-03-29,0.074
2024-04-01,0.077
2024-04-02,0.077
2024-04-03,0.077
2024-04-04,0.077
2024-04-05,0.077
2024-04-08,0.077
2024-04-09,0.077
2024-04-10,0.077
2024-04-11,0.077
2024-04-12,0.077
2024-04-15,0.077
2024-04-16,0.077
2024-04-17,0.077
2024-04-18,0.077
2024-04-19,0.077
2024-04-22,0.077
2024-04-23,0.076
2024-04-24,0.077
2024-04-25,0.077
2024-04-26,0.077
2024-04-30,0.076
2024-05-01,0.077
2024-05-02,0.077
2024-05-07,0.077
2024-05-08,0.077
2024-05-09,0.077
2024-05-10,0.077
2024-05-13,0.077
2024-05-14,0.077
2024-05-15,0.077
2024-05-16,0.077
2024-05-17,0.077
2024-05-20,0.077
2024-05-21,0.077
2024-05-22,0.077
2024-05-23,0.077
2024-05-24,0.078
2024-05-27,0.078
2024-05-28,0.077
2024-05-29,0.078
2024-05-30,0.077
2024-05-31,0.077
2024-06-03,0.077
2024-06-04,0.077
2024-06-05,0.077
2024-06-06,0.077
2024-06-07,0.078
2024-06-10,0.078
2024-06-11,0.078
2024-06-12,0.078
2024-06-13,0.077
2024-06-14,0.077
2024-06-17,0.077
2024-06-18,0.077
2024-06-19,0.077
2024-06-20,0.077
2024-06-21,0.077
2024-06-24,0.081
2024-06-25,0.078
2024-06-26,0.077
2024-06-27,0.077
2024-06-28,0.076
2024-07-01,0.077
2024-07-02,0.077
2024-07-03,0.077
2024-07-04,0.077
2024-07-05,0.077
2024-07-08,0.077
2024-07-09,0.077
2024-07-10,0.077
2024-07-11,0.077
2024-07-12,0.077
2024-07-16,0.077
2024-07-17,0.078
2024-07-18,0.077
2024-07-19,0.077
2024-07-22,0.083
2024-07-23,0.08
2024-07-24,0.08
2024-07-25,0.081
2024-07-26,0.078
2024-07-29,0.077
2024-07-30,0.077
2024-07-31,0.079
2024-08-01,0.227
2024-08-02,0.227
2024-08-05,0.227
2024-08-06,0.227
2024-08-07,0.227
